,,P(i),sum over all n(ij),Total Responses,Organism,Environment,Quality,Mat & Subst,Method,Data Type,Process,Anatomy,Location,Time,Event,Person & Org,Human Inter,Other,None,other category,comment
geochemicalPara,geochemical parameters,"0,0666666667",2,6,0,1,0,2,0,1,1,0,0,0,0,0,0,0,1,,
,geochemical,"0,0666666667",2,6,0,1,0,1,0,0,2,0,0,0,0,0,0,1,1,,
,microbial diversity,"0,1333333333",4,6,1,0,2,0,0,0,0,0,0,0,0,0,0,2,1,,
,groundwater,1,30,6,0,6,0,0,0,0,0,0,0,0,0,0,0,0,0,,
tiliaCordata,repository,"0,0666666667",2,6,0,0,0,0,2,1,0,0,1,0,0,1,0,1,0,,
,German Tree of the Year 2016,"0,2",6,6,3,0,0,0,0,1,0,0,0,0,0,1,0,1,0,,
,Tilia cordata,1,30,6,6,0,0,0,0,0,0,0,0,0,0,0,0,0,0,,
yearChange,DOC,"0,6666666667",20,6,0,0,0,5,0,0,0,0,0,0,0,0,0,1,0,,
,DIC,"0,6666666667",20,6,0,0,0,5,0,0,0,0,0,0,0,0,0,1,0,,
,year,1,30,6,0,0,0,0,0,0,0,0,0,6,0,0,0,0,0,,
dataNeo,Neogloboquadrina pachyderma,"0,6666666667",20,6,5,0,0,0,0,0,0,0,0,0,0,0,0,0,1,,
,Globigerina bulloides,"0,6666666667",20,6,5,0,0,0,0,0,0,0,0,0,0,0,0,0,1,,
biologicalSignals,biological signals,"0,1333333333",4,6,0,1,2,0,0,1,0,0,0,0,0,0,0,2,0,,
rootLength,root length,"0,6666666667",20,6,0,0,5,0,0,0,0,0,0,0,0,0,0,1,0,,
,root,"0,6666666667",20,6,0,0,0,0,0,0,0,5,0,0,0,0,0,0,1,,
temporalDynamics,temporal dynamics of fungal communities,"0,6666666667",20,6,0,0,1,0,0,0,5,0,0,0,0,0,0,0,0,,
,fungal communities,"0,6666666667",20,6,5,1,0,0,0,0,0,0,0,0,0,0,0,0,0,,
,upper aquifer,"0,6666666667",20,6,0,5,0,0,0,0,0,0,1,0,0,0,0,0,0,,
,lower aquifer,"0,6666666667",20,6,0,5,0,0,0,0,0,0,1,0,0,0,0,0,0,,
soilMoisture,soil moisture patterns,0,0,6,0,1,1,1,0,1,1,0,0,0,0,0,0,1,0,,
,soil moisture,"0,2",6,6,0,2,0,2,0,0,0,0,0,0,0,0,0,2,0,,
,shed precipitation patterns,0,0,6,0,1,0,1,0,1,1,0,0,0,0,0,0,1,1,,
,shed precipitation,"0,2",6,6,0,1,0,0,0,0,3,0,0,0,0,0,0,1,1,,
,precipitation,"0,2666666667",8,6,0,2,0,0,0,0,3,0,0,0,0,0,0,1,0,,
bacteriumXY,Bacterium XY,1,30,6,6,0,0,0,0,0,0,0,0,0,0,0,0,0,0,,
,metabolizing compound-class XYZ,"0,2",6,6,1,0,0,0,0,0,3,0,0,0,0,0,0,1,1,,
,metabolizing,"0,4666666667",14,6,0,0,2,0,0,0,4,0,0,0,0,0,0,0,0,,
soilDepth,carbon,1,30,6,0,0,0,6,0,0,0,0,0,0,0,0,0,0,0,,
,soil depth,"0,2666666667",8,6,0,2,1,0,0,0,0,0,3,0,0,0,0,0,0,,
kindOfPlant,plants,"0,6666666667",20,6,5,1,0,0,0,0,0,0,0,0,0,0,0,0,0,,
,Arthrocladiella mougeotii (L�v.) Vassilkov,1,30,6,6,0,0,0,0,0,0,0,0,0,0,0,0,0,0,,
surfaceWater,samples,"0,1333333333",4,6,0,0,0,2,1,2,0,0,0,0,0,0,0,0,1,,
,surface water,"0,6666666667",20,6,0,5,0,1,0,0,0,0,0,0,0,0,0,0,0,,
marinePhages,marine phages,1,30,6,6,0,0,0,0,0,0,0,0,0,0,0,0,0,0,,
,effective tracers,"0,2",6,6,0,0,0,1,3,1,0,0,0,0,0,0,0,1,0,,
,particle transport,1,30,6,0,0,0,0,0,0,6,0,0,0,0,0,0,0,0,,
,particle,"0,6666666667",20,6,0,0,0,5,0,0,0,0,0,0,0,0,0,0,1,,
,soil,"0,4666666667",14,6,0,4,0,2,0,0,0,0,0,0,0,0,0,0,0,,
,subsurface,"0,4",12,6,0,4,0,0,0,0,0,0,1,0,0,0,0,1,0,,
phageTransport,the relevance of phage transport,"0,2666666667",8,6,0,0,2,0,0,0,0,0,0,0,0,0,0,3,1,,
,phage transport,1,30,6,0,0,0,0,0,0,6,0,0,0,0,0,0,0,0,,
,ecosystem fractioning,"0,6666666667",20,6,0,1,0,0,0,0,5,0,0,0,0,0,0,0,0,,
,ecosystem,"0,6666666667",20,6,0,5,0,0,0,0,0,0,0,0,0,0,0,1,0,,
,soil,"0,6666666667",20,6,0,5,0,1,0,0,0,0,0,0,0,0,0,0,0,,
soilSamples,soil samples,"0,1333333333",4,6,0,0,0,2,1,2,0,0,0,0,0,0,0,1,0,,
,Germany,1,30,6,0,0,0,0,0,0,0,0,6,0,0,0,0,0,0,,
,measurements of pH and water content,"0,1333333333",4,6,0,0,0,0,2,1,0,0,0,0,0,0,0,1,2,,
,pH,"0,2",6,6,0,1,3,1,0,0,0,0,0,0,0,0,0,1,0,,
,water content,"0,2",6,6,0,1,0,3,0,0,1,0,0,0,0,0,0,1,0,,
,water,"0,4",12,6,0,3,0,3,0,0,0,0,0,0,0,0,0,0,0,,
arcticSediments,organic carbon content,"0,2",6,6,0,1,1,3,0,0,0,0,0,0,0,0,0,0,1,,
,organic,"0,2666666667",8,6,0,1,3,2,0,0,0,0,0,0,0,0,0,0,0,,
,arctic sediments,"0,2666666667",8,6,0,3,0,2,0,0,0,0,0,0,0,0,0,0,1,,
,arctic,"0,6666666667",20,6,0,0,1,0,0,0,0,0,5,0,0,0,0,0,0,,
molecularFormular,substances,1,30,6,0,0,0,6,0,0,0,0,0,0,0,0,0,0,0,,
,specific molecular formula,"0,0666666667",2,6,0,0,0,1,2,1,0,0,0,0,0,0,0,1,1,,
,molecular,"0,0666666667",2,6,0,1,2,1,0,0,0,1,0,0,0,0,0,0,1,,
transportPatterns,seasonal transport patterns of microbes,"0,4",12,6,0,0,1,0,0,0,4,0,0,0,0,0,0,0,1,,
,microbes,1,30,6,6,0,0,0,0,0,0,0,0,0,0,0,0,0,0,,
horizontalTran,horizontal transport of microbial communities,"0,6666666667",20,6,0,0,0,0,0,0,5,0,0,0,0,0,0,1,0,,
,microbial communities,"0,6666666667",20,6,5,0,0,0,0,0,0,0,0,0,0,0,0,0,1,,
,microbial,"0,1333333333",4,6,2,0,2,0,0,0,0,1,0,0,0,0,0,0,1,,
autotrophicMicro,autotrophic microorganisms,1,30,6,6,0,0,0,0,0,0,0,0,0,0,0,0,0,0,,
,autotrophic,"0,4",12,6,0,1,4,0,0,0,1,0,0,0,0,0,0,0,0,,
,carbon cycling,1,30,6,0,0,0,0,0,0,6,0,0,0,0,0,0,0,0,,
,groundwater aquifer,1,30,6,0,6,0,0,0,0,0,0,0,0,0,0,0,0,0,,
,aquifer,"0,6666666667",20,6,0,5,0,0,0,0,0,0,1,0,0,0,0,0,0,,
conduceInfluences,conduce influences,"0,1333333333",4,6,0,1,0,0,0,0,2,0,0,0,0,0,0,2,1,,
,soil,"0,6666666667",20,6,0,5,0,1,0,0,0,0,0,0,0,0,0,0,0,,
,aquifer,1,30,6,0,6,0,0,0,0,0,0,0,0,0,0,0,0,0,,
oxygen,oxygen concentration,"0,2666666667",8,6,0,1,3,2,0,0,0,0,0,0,0,0,0,0,0,,
,oxygen,1,30,6,0,0,0,6,0,0,0,0,0,0,0,0,0,0,0,,
,sea water,"0,4",12,6,0,3,0,3,0,0,0,0,0,0,0,0,0,0,0,,
,mesopelagic zone,"0,4666666667",14,6,0,4,0,0,0,0,0,0,2,0,0,0,0,0,0,,
,global ocean,"0,4",12,6,0,3,0,0,0,0,0,0,3,0,0,0,0,0,0,,
,200-1000m (depth),"0,2",6,6,0,1,1,0,0,0,0,0,3,0,0,0,0,1,0,,
karstStructure,karst structure of the aquifer,"0,0666666667",2,6,0,1,1,2,0,1,0,0,0,0,0,0,0,1,0,,
,karst structure,"0,0666666667",2,6,0,1,1,2,0,1,0,0,0,0,0,0,0,1,0,,
,aquifer,1,30,6,0,6,0,0,0,0,0,0,0,0,0,0,0,0,0,,
,tectonics,"0,4",12,6,0,0,0,0,0,1,4,0,0,0,0,0,0,0,1,,
,climate,"0,1333333333",4,6,0,2,0,0,0,1,2,0,0,0,0,0,0,0,1,,
distributionStroks,distribution of stroks,"0,2666666667",8,6,0,0,3,0,0,2,0,0,0,0,0,0,0,1,0,,
,stroks,"0,6666666667",20,6,5,0,0,0,0,0,0,0,0,0,0,0,0,1,0,,
,Europe,1,30,6,0,0,0,0,0,0,0,0,6,0,0,0,0,0,0,,
coralBleaching,ocean acidification,1,30,6,0,0,0,0,0,0,6,0,0,0,0,0,0,0,0,,
,coral bleaching,1,30,6,0,0,0,0,0,0,6,0,0,0,0,0,0,0,0,,
surfaceSignals,surface signals,"0,0666666667",2,6,0,1,1,0,0,2,0,0,0,0,0,0,0,1,1,,
plantagoLanc,Plantago lanceolata,1,30,6,6,0,0,0,0,0,0,0,0,0,0,0,0,0,0,,
somSoils,autotrophic organisms,1,30,6,6,0,0,0,0,0,0,0,0,0,0,0,0,0,0,,
,autotrophic,"0,2",6,6,0,0,3,0,0,0,1,1,0,0,0,0,0,1,0,,
,SOM,"0,6666666667",20,6,0,1,0,5,0,0,0,0,0,0,0,0,0,0,0,,
,soils,"0,4",12,6,0,4,0,1,0,0,0,0,1,0,0,0,0,0,0,,
palustrisMaritima,Triglochin palustris,1,30,6,6,0,0,0,0,0,0,0,0,0,0,0,0,0,0,,
,Triglochin maritima,1,30,6,6,0,0,0,0,0,0,0,0,0,0,0,0,0,0,,
butterflyOak,butterflies,1,30,6,6,0,0,0,0,0,0,0,0,0,0,0,0,0,0,,
,oaks,"0,6666666667",20,6,5,1,0,0,0,0,0,0,0,0,0,0,0,0,0,,
waterCycle,N cycle,1,30,6,0,0,0,0,0,0,6,0,0,0,0,0,0,0,0,,
,water,"0,4",12,6,0,4,0,1,0,0,1,0,0,0,0,0,0,0,0,,
,Throughfall,"0,2666666667",8,6,0,2,0,0,0,0,3,0,0,0,0,0,0,1,0,,
,Stemflow,"0,2666666667",8,6,0,2,0,0,0,0,3,0,0,0,0,0,0,1,0,,
,Groundwater,"0,2",6,6,0,3,0,1,0,0,1,0,0,0,0,0,0,1,0,,
,natural deciduous forest,"0,4",12,6,1,4,0,0,0,0,0,0,0,0,0,0,0,0,1,,
,deciduous,"0,4",12,6,1,0,4,0,0,0,0,0,0,0,0,0,0,1,0,,
waspsOvipositor,ovipositor of wood wasps,"0,2",6,6,1,0,0,0,0,0,0,3,0,0,0,0,0,1,1,,
,wood wasps,1,30,6,6,0,0,0,0,0,0,0,0,0,0,0,0,0,0,,
,photographs,1,30,6,0,0,0,0,0,6,0,0,0,0,0,0,0,0,0,,
,detailed drawings,1,30,6,0,0,0,0,0,6,0,0,0,0,0,0,0,0,0,,
mesopelagicFish,mesopelagic fish,1,30,6,6,0,0,0,0,0,0,0,0,0,0,0,0,0,0,,
,mesopelagic,"0,0666666667",2,6,0,1,2,0,0,0,1,1,0,0,0,0,0,0,1,,
,genus Cyclothone,1,30,6,6,0,0,0,0,0,0,0,0,0,0,0,0,0,0,,
bioPolymers,immediate response of microbiome,"0,2666666667",8,6,0,0,2,0,0,0,3,0,0,0,1,0,0,0,0,,
,microbiome,"0,2666666667",8,6,3,2,0,0,0,0,0,0,0,0,0,0,0,1,0,,
,supplemented biopolymers,"0,2666666667",8,6,2,0,0,3,0,0,0,0,0,0,0,0,1,0,0,,
nutrientData,nutrients,1,30,6,0,0,0,6,0,0,0,0,0,0,0,0,0,0,0,,
,soil,"0,6666666667",20,6,0,5,0,1,0,0,0,0,0,0,0,0,0,0,0,,
mineralComp,Mineral-composition,"0,6666666667",20,6,0,0,1,5,0,0,0,0,0,0,0,0,0,0,0,,
,mobile colloids,"0,2",6,6,1,1,0,3,0,0,0,0,0,0,0,0,0,0,1,,
,groundwater,1,30,6,0,6,0,0,0,0,0,0,0,0,0,0,0,0,0,,
,mineralogy of the parlochs,"0,2666666667",8,6,0,0,2,1,0,0,0,0,0,0,0,0,0,0,3,,
,parlochs,"0,1333333333",4,6,1,0,0,0,0,0,0,0,1,0,0,0,0,2,2,,
biodiversityCha,biodiversity,"0,2666666667",8,6,0,0,3,0,0,0,0,0,0,0,0,0,0,2,1,,
,time,"0,6666666667",20,6,0,0,0,0,0,0,0,0,0,5,0,0,0,1,0,,
vegetationAmount,city districts,"0,4666666667",14,6,0,2,0,0,0,0,0,0,4,0,0,0,0,0,0,,
,amount of vegetation,"0,0666666667",2,6,1,1,0,0,0,1,0,0,0,0,0,0,0,1,2,,
,vegetation,"0,4",12,6,4,1,0,0,0,0,0,0,0,0,0,0,0,1,0,,
,biodiversity,"0,1333333333",4,6,0,1,2,0,0,0,0,0,0,0,0,0,0,2,1,,
aphidoidea,Aphidoidea,1,30,6,6,0,0,0,0,0,0,0,0,0,0,0,0,0,0,,
dataFB,foraminifera,"0,4",12,6,4,0,0,0,0,0,0,1,0,0,0,0,0,0,1,,
aquiferSurfaces,microbes,1,30,6,6,0,0,0,0,0,0,0,0,0,0,0,0,0,0,,
,aquifer surfaces,1,30,6,0,6,0,0,0,0,0,0,0,0,0,0,0,0,0,,
geology,geology,"0,4",12,6,0,4,0,1,0,0,0,0,0,0,0,0,0,1,0,,
,soil geochemistry,"0,4",12,6,0,4,1,1,0,0,0,0,0,0,0,0,0,0,0,,
,soil,"0,4666666667",14,6,0,4,0,2,0,0,0,0,0,0,0,0,0,0,0,,
,bacterial and archaeal nitrogen-cycling communities,"0,6666666667",20,6,5,0,0,0,0,0,0,0,0,0,0,0,0,1,0,,
,bacterial,1,30,6,6,0,0,0,0,0,0,0,0,0,0,0,0,0,0,,
,archaeal,"0,6666666667",20,6,5,0,0,0,0,0,0,0,0,0,0,0,0,0,1,,
,nitrogen-cycling,1,30,6,0,0,0,0,0,0,6,0,0,0,0,0,0,0,0,,
plantResidalCom,aquifer microbiomes,"0,2666666667",8,6,3,2,0,0,0,0,0,0,0,0,0,0,0,1,0,,
,aquifer,1,30,6,0,6,0,0,0,0,0,0,0,0,0,0,0,0,0,,
,plant residal compounds,"0,1333333333",4,6,0,2,0,2,0,0,0,1,0,0,0,0,0,0,1,,
,plant residal,"0,1333333333",4,6,0,1,0,2,0,0,0,0,0,0,0,0,0,2,1,,
,plant,"0,6666666667",20,6,5,1,0,0,0,0,0,0,0,0,0,0,0,0,0,,
paternalKin,species X,1,30,6,6,0,0,0,0,0,0,0,0,0,0,0,0,0,0,,
,paternal kin,"0,1333333333",4,6,1,0,0,0,0,0,2,0,0,0,0,0,0,2,1,,
neonicotinoidPol,neonicotinoids,1,30,6,0,0,0,6,0,0,0,0,0,0,0,0,0,0,0,,
,pollinators,1,30,6,6,0,0,0,0,0,0,0,0,0,0,0,0,0,0,,
co2Groundwater,CO2 fixation,1,30,6,0,0,0,0,0,0,6,0,0,0,0,0,0,0,0,,
,CO2,1,30,6,0,0,0,6,0,0,0,0,0,0,0,0,0,0,0,,
,groundwater,1,30,6,0,6,0,0,0,0,0,0,0,0,0,0,0,0,0,,
uptakeRates,benthic oxygen uptake rate,"0,1333333333",4,6,0,1,2,0,0,0,1,0,0,0,0,0,0,2,0,,
,benthic,"0,2666666667",8,6,2,3,0,0,0,0,0,0,0,0,0,0,0,0,1,,
,oxygen uptake rate,"0,2",6,6,0,1,3,0,0,0,0,0,0,0,0,0,0,1,1,,
,oxygen,1,30,6,0,0,0,6,0,0,0,0,0,0,0,0,0,0,0,,
,Atlantic,"0,4666666667",14,6,0,2,0,0,0,0,0,0,4,0,0,0,0,0,0,,
workingArea,catchment area,"0,2666666667",8,6,0,2,0,0,0,0,0,0,3,0,0,0,0,1,0,,
,source area,"0,2666666667",8,6,0,2,0,0,0,0,0,0,3,0,0,0,0,1,0,,
,infiltration area,"0,2666666667",8,6,0,2,0,0,0,0,0,0,3,0,0,0,0,1,0,,
,rain water,"0,6666666667",20,6,0,0,0,5,0,0,0,0,0,0,0,0,0,0,1,,
,working area,"0,4",12,6,0,1,0,0,0,0,0,0,4,0,0,0,0,0,1,,
fungalCommunity,surface fungal communities,"0,6666666667",20,6,5,0,0,0,0,0,1,0,0,0,0,0,0,0,0,,
,surface,"0,4",12,6,0,4,0,0,0,0,0,0,1,0,0,0,0,1,0,,
,subsurface fungal communitie,"0,6666666667",20,6,5,0,0,0,0,0,1,0,0,0,0,0,0,0,0,,
,subsurface,"0,4",12,6,0,4,0,0,0,0,0,0,1,0,0,0,0,1,0,,
InfluenceMicro,microorganism,1,30,6,6,0,0,0,0,0,0,0,0,0,0,0,0,0,0,,
,CO2 isotopes,1,30,6,0,0,0,6,0,0,0,0,0,0,0,0,0,0,0,,
,CO2,1,30,6,0,0,0,6,0,0,0,0,0,0,0,0,0,0,0,,
vascularPlants,forest-specific diversity of vascular plants,"0,1333333333",4,6,1,0,2,0,0,0,0,0,0,0,0,0,0,1,2,,
,forest-specific,"0,2666666667",8,6,0,2,3,0,0,0,0,0,1,0,0,0,0,0,0,,
,vascular plants,1,30,6,6,0,0,0,0,0,0,0,0,0,0,0,0,0,0,,
,vascular,"0,4",12,6,0,0,3,0,0,0,0,3,0,0,0,0,0,0,0,,
pollinators,abundance of pollinators,"0,2",6,6,0,0,2,0,0,2,0,0,0,0,0,0,0,2,0,,
,bees,1,30,6,6,0,0,0,0,0,0,0,0,0,0,0,0,0,0,,
seasonalDi,seasonal differences of nitrogen dry and wet deposition,"0,0666666667",2,6,0,0,2,0,0,1,1,0,0,0,0,0,0,1,1,,
,seasonal differences,"0,0666666667",2,6,0,0,2,0,1,0,1,0,0,0,0,0,0,1,1,,
,nitrogen dry deposition,"0,4",12,6,0,0,1,0,0,0,4,0,0,0,0,0,0,1,0,,
,nitrogen wet deposition,"0,4",12,6,0,0,1,0,0,0,4,0,0,0,0,0,0,1,0,,
,nitrogen,1,30,6,0,0,0,6,0,0,0,0,0,0,0,0,0,0,0,,
,template forest,"0,6666666667",20,6,0,5,0,0,0,0,0,0,1,0,0,0,0,0,0,,
socialSystem,social system,"0,1333333333",4,6,0,1,0,0,0,0,0,1,0,0,0,0,0,2,2,,
,species X,1,30,6,6,0,0,0,0,0,0,0,0,0,0,0,0,0,0,,
invasiveGrasses,invasive grasses,1,30,6,6,0,0,0,0,0,0,0,0,0,0,0,0,0,0,,
,invasive,"0,6666666667",20,6,0,0,5,0,0,0,1,0,0,0,0,0,0,0,0,,
,Poaceae,1,30,6,6,0,0,0,0,0,0,0,0,0,0,0,0,0,0,,
domComposition,parameters,"0,1333333333",4,6,0,0,1,0,0,2,0,0,0,0,0,0,0,2,1,,
,DOM composition,"0,1333333333",4,6,0,1,0,2,0,0,1,0,0,0,0,0,0,2,0,,
millipedes,population abundance of millipeds,"0,2666666667",8,6,0,1,3,0,0,0,0,0,0,0,0,0,0,2,0,,
,population,"0,0666666667",2,6,1,0,0,0,1,2,0,0,0,0,0,0,0,1,1,,
,millipedes,"0,6666666667",20,6,5,0,0,0,0,0,0,0,0,0,0,0,0,1,0,,
orgInorg,water,"0,6666666667",20,6,0,1,0,5,0,0,0,0,0,0,0,0,0,0,0,,
,dissolved organic and inorganic,1,30,6,0,0,0,6,0,0,0,0,0,0,0,0,0,0,0,,
,year,1,30,6,0,0,0,0,0,0,0,0,0,6,0,0,0,0,0,,
calcareousGrass,butterfly species,1,30,6,6,0,0,0,0,0,0,0,0,0,0,0,0,0,0,,
,calcareous grassland,"0,6666666667",20,6,0,5,0,0,0,0,0,0,1,0,0,0,0,0,0,,
,calcareous,"0,4",12,6,0,1,4,1,0,0,0,0,0,0,0,0,0,0,0,,
structure,vegetation structural diversity,"0,2",6,6,0,1,1,0,0,0,0,0,0,0,0,0,0,3,1,,
,vegetation,"0,4",12,6,4,1,0,0,0,0,0,0,0,0,0,0,0,0,1,,
,subsurface structural properties,"0,1333333333",4,6,0,1,2,0,0,1,0,0,0,0,0,0,0,2,0,,
,subsurface,"0,4",12,6,0,3,0,0,0,0,0,0,3,0,0,0,0,0,0,,
secondaryMinerals,secondary minerals,"0,6666666667",20,6,0,0,1,5,0,0,0,0,0,0,0,0,0,0,0,,
,pores,"0,0666666667",2,6,0,1,1,1,0,0,0,0,2,0,0,0,0,0,1,,
,fractures,"0,0666666667",2,6,0,1,1,1,0,0,0,0,2,0,0,0,0,0,1,,
,groundwater chemistry,"0,0666666667",2,6,0,1,1,0,0,0,1,0,0,0,0,0,0,2,1,,
,chemistry,"0,0666666667",2,6,0,1,1,0,0,0,1,0,0,0,0,0,0,2,1,,
specififcInputs,molecules,"0,4",12,6,1,0,0,4,0,0,0,0,0,0,0,0,0,1,0,,
,surface,"0,4",12,6,0,3,0,0,0,0,0,0,3,0,0,0,0,0,0,,
,nitrogen,1,30,6,0,0,0,6,0,0,0,0,0,0,0,0,0,0,0,,
,physico-chemical compositions of the groundwater,"0,2666666667",8,6,0,1,0,2,0,0,0,0,0,0,0,0,0,3,0,,
,groundwater,"0,6666666667",20,6,0,5,0,1,0,0,0,0,0,0,0,0,0,0,0,,
downstreamCom,connections,"0,2",6,6,0,1,1,0,0,0,3,0,0,0,0,0,0,1,0,,
,soil born mobile (organic) matters,"0,1333333333",4,6,2,0,1,2,0,0,0,0,0,0,0,0,0,1,0,,
,soil born,"0,2",6,6,0,0,3,0,0,0,1,0,0,0,0,0,0,1,1,,
,soil,"0,6666666667",20,6,0,5,0,1,0,0,0,0,0,0,0,0,0,0,0,,
,downstream compartments (aquifer),"0,4",12,6,0,3,0,3,0,0,0,0,0,0,0,0,0,0,0,,
microbialGuilds,patterns,"0,0666666667",2,6,0,0,1,0,1,1,0,0,0,0,0,0,0,2,1,,
,trace gas release,1,30,6,0,0,0,0,0,0,6,0,0,0,0,0,0,0,0,,
,trace gas,1,30,6,0,0,0,6,0,0,0,0,0,0,0,0,0,0,0,,
,activity of microbial guilds,"0,4",12,6,0,0,3,0,0,0,3,0,0,0,0,0,0,0,0,,
,microbial guilds,1,30,6,6,0,0,0,0,0,0,0,0,0,0,0,0,0,0,,
distributionHolo,distribution of Holothuroidea,"0,2",6,6,0,0,1,0,0,3,1,0,0,0,0,0,0,1,0,,
,Holothuroidea,1,30,6,6,0,0,0,0,0,0,0,0,0,0,0,0,0,0,,
,Atlantic Ocean,"0,4666666667",14,6,0,2,0,0,0,0,0,0,4,0,0,0,0,0,0,,
grassCut,grass cut events,"0,4666666667",14,6,0,0,0,0,0,0,0,0,0,0,2,0,4,0,0,,
,grass cut,"0,4",12,6,0,1,0,0,0,0,0,0,0,0,1,0,4,0,0,,
,grass,1,30,6,6,0,0,0,0,0,0,0,0,0,0,0,0,0,0,,
,soils,"0,6666666667",20,6,0,5,0,1,0,0,0,0,0,0,0,0,0,0,0,,
,water,"0,4",12,6,0,3,0,3,0,0,0,0,0,0,0,0,0,0,0,,
subsurfaceSoils,chemolithoautotrophy,"0,2666666667",8,6,0,0,2,0,0,0,3,0,0,0,0,0,0,0,1,,
,heterotrophy,"0,2666666667",8,6,0,0,2,1,0,0,3,0,0,0,0,0,0,0,0,,
,subsurface soils,"0,4",12,6,0,4,0,1,0,0,0,0,1,0,0,0,0,0,0,,
,subsurface,"0,4",12,6,0,3,0,0,0,0,0,0,3,0,0,0,0,0,0,,
globalOccurrence,Triglochin palustris (Sumpf-Dreizack),1,30,6,6,0,0,0,0,0,0,0,0,0,0,0,0,0,0,,
,Triglochin maritima (Strand Dreizack),1,30,6,6,0,0,0,0,0,0,0,0,0,0,0,0,0,0,,
,Brandenburg,1,30,6,0,0,0,0,0,0,0,0,6,0,0,0,0,0,0,,
,Germany,1,30,6,0,0,0,0,0,0,0,0,6,0,0,0,0,0,0,,
,middle Europe,1,30,6,0,0,0,0,0,0,0,0,6,0,0,0,0,0,0,,
,Europe,1,30,6,0,0,0,0,0,0,0,0,6,0,0,0,0,0,0,,
,tropical areas,"0,4",12,6,0,3,0,0,0,0,0,0,3,0,0,0,0,0,0,,
,South America,1,30,6,0,0,0,0,0,0,0,0,6,0,0,0,0,0,0,,
c_n_isotopes,patterns in C-/N-isotopes of CH4; N2O; CO2 (GHG's),"0,2",6,6,0,0,3,0,0,1,0,0,0,0,0,0,0,1,1,,
,C-/N-isotopes of CH4; N2O; CO2 (GHG's),1,30,6,0,0,0,6,0,0,0,0,0,0,0,0,0,0,0,,
,C-/N-isotopes,1,30,6,0,0,0,6,0,0,0,0,0,0,0,0,0,0,0,,
,CH4,1,30,6,0,0,0,6,0,0,0,0,0,0,0,0,0,0,0,,
,N2O,1,30,6,0,0,0,6,0,0,0,0,0,0,0,0,0,0,0,,
,CO2,1,30,6,0,0,0,6,0,0,0,0,0,0,0,0,0,0,0,,
,GHG,1,30,6,0,0,0,6,0,0,0,0,0,0,0,0,0,0,0,,
vlpData,influence of rainfall events,"0,2666666667",8,6,0,0,0,0,0,0,3,0,0,0,1,0,0,2,0,,
,rainfall events,1,30,6,0,0,0,0,0,0,0,0,0,0,6,0,0,0,0,,
,VLP-data,"0,6666666667",20,6,0,0,0,0,0,5,0,0,0,0,0,0,0,0,1,,
birdDistribution,bird distribution,"0,1333333333",4,6,1,0,1,0,0,2,0,0,0,0,0,0,0,2,0,,
,Germany,1,30,6,0,0,0,0,0,0,0,0,6,0,0,0,0,0,0,,
meanValue,mean value,"0,1333333333",4,6,0,0,1,0,1,2,0,0,0,0,0,0,0,2,0,,
,hydrochemical parameters,"0,1333333333",4,6,0,0,1,0,0,2,0,0,0,0,0,0,0,1,2,,
,site,"0,6666666667",20,6,0,1,0,0,0,0,0,0,5,0,0,0,0,0,0,,
crossKingdom,aquifer co-occurence patterns of microorganism,"0,1333333333",4,6,0,0,1,0,0,2,0,0,0,0,0,0,0,2,1,,
,aquifer co-occurence patterns,"0,1333333333",4,6,0,0,1,0,0,2,0,0,0,0,0,0,0,2,1,,
,aquifer,1,30,6,0,6,0,0,0,0,0,0,0,0,0,0,0,0,0,,
,microorganism,1,30,6,6,0,0,0,0,0,0,0,0,0,0,0,0,0,0,,
,cross kingdom level,"0,2",6,6,0,0,0,0,1,0,0,1,0,0,0,0,0,1,3,,
,soil,"0,6666666667",20,6,0,5,0,1,0,0,0,0,0,0,0,0,0,0,0,,
paridae,species of the family Paridae,"0,6666666667",20,6,5,0,0,0,0,0,0,1,0,0,0,0,0,0,0,,
,Paridae,1,30,6,6,0,0,0,0,0,0,0,0,0,0,0,0,0,0,,
,Europe,1,30,6,0,0,0,0,0,0,0,0,6,0,0,0,0,0,0,,
coffeaArabica,Coffea arabica,1,30,6,6,0,0,0,0,0,0,0,0,0,0,0,0,0,0,,
,subtropical areas,"0,4",12,6,0,3,0,0,0,0,0,0,3,0,0,0,0,0,0,,
,Europe,1,30,6,0,0,0,0,0,0,0,0,6,0,0,0,0,0,0,,
waterFlow,landsurface heterogenity,"0,2",6,6,0,1,1,0,0,1,0,0,0,0,0,0,0,3,0,,
,landsurface,"0,4666666667",14,6,0,4,0,0,0,0,0,0,2,0,0,0,0,0,0,,
,patterns of water flow/ flux,"0,2",6,6,0,0,0,0,0,1,1,0,0,0,0,0,0,3,1,,
,water flow,1,30,6,0,0,0,0,0,0,6,0,0,0,0,0,0,0,0,,
,water flux,"0,6666666667",20,6,0,0,0,1,0,0,5,0,0,0,0,0,0,0,0,,
,water,"0,6666666667",20,6,0,1,0,5,0,0,0,0,0,0,0,0,0,0,0,,
verticalCanopy,vertical canopy measurements,"0,2666666667",8,6,0,0,0,0,2,3,0,0,0,0,0,0,0,1,0,,
,canopy,"0,4",12,6,0,4,0,0,0,0,0,1,0,0,0,0,0,1,0,,
,beeches,1,30,6,6,0,0,0,0,0,0,0,0,0,0,0,0,0,0,,
,spruces,1,30,6,6,0,0,0,0,0,0,0,0,0,0,0,0,0,0,,
datasetSunflowers,sunflowers,1,30,6,6,0,0,0,0,0,0,0,0,0,0,0,0,0,0,,
heracleumMant,Heracleum mantegazzianum,1,30,6,6,0,0,0,0,0,0,0,0,0,0,0,0,0,0,,
,neophyt,"0,4",12,6,4,0,1,0,0,0,0,1,0,0,0,0,0,0,0,,
preferentialFlow,trees,1,30,6,6,0,0,0,0,0,0,0,0,0,0,0,0,0,0,,
,preferential flow,1,30,6,0,0,0,0,0,0,6,0,0,0,0,0,0,0,0,,
kammerFrost,weather,"0,2",6,6,0,3,1,0,0,0,1,0,0,0,0,0,0,0,1,,
,last 4 weeks,1,30,6,0,0,0,0,0,0,0,0,0,6,0,0,0,0,0,,
,Kammerforst,1,30,6,0,0,0,0,0,0,0,0,6,0,0,0,0,0,0,,
,amount of rain,"0,2",6,6,0,1,0,1,0,1,0,0,0,0,0,0,0,3,0,,
,rain,"0,2666666667",8,6,0,0,0,2,0,0,0,0,0,0,3,0,0,0,1,,
,amount of precipitation,"0,0666666667",2,6,0,1,0,1,0,1,0,0,0,0,0,0,0,2,1,,
,precipitation,"0,1333333333",4,6,0,0,0,2,0,0,0,0,0,0,2,0,0,1,1,,
coldSeeps,sulfate reduction rates,"0,4",12,6,0,0,3,0,0,0,0,0,0,0,0,0,0,3,0,,
,sulfate reduction,1,30,6,0,0,0,0,0,0,6,0,0,0,0,0,0,0,0,,
,sulfate,1,30,6,0,0,0,6,0,0,0,0,0,0,0,0,0,0,0,,
,cold seep,"0,4666666667",14,6,0,4,0,0,0,0,0,0,0,0,0,0,0,2,0,,
surfaceProperties,surface properties,"0,1333333333",4,6,0,2,0,0,0,1,0,0,0,0,0,0,0,2,1,,
,processes,1,30,6,0,0,0,0,0,0,6,0,0,0,0,0,0,0,0,,
frogData,frog,1,30,6,6,0,0,0,0,0,0,0,0,0,0,0,0,0,0,,
primulaVeris,Primula veris,1,30,6,6,0,0,0,0,0,0,0,0,0,0,0,0,0,0,,
,Germany,1,30,6,0,0,0,0,0,0,0,0,6,0,0,0,0,0,0,,
nitrateLeaching,template forests,"0,2",6,6,1,3,0,0,0,0,0,0,1,0,0,0,0,1,0,,
,sources of nitrate leaching,"0,1333333333",4,6,0,0,0,1,0,0,2,0,0,0,0,0,0,2,1,,
,nitrate leaching,1,30,6,0,0,0,0,0,0,6,0,0,0,0,0,0,0,0,,
,groundwater,"0,6666666667",20,6,0,5,0,1,0,0,0,0,0,0,0,0,0,0,0,,
rareSpecies,rare species,1,30,6,6,0,0,0,0,0,0,0,0,0,0,0,0,0,0,,
,activities,"0,2666666667",8,6,0,0,0,0,0,0,3,0,0,0,0,0,0,2,1,,
,groundwater,1,30,6,0,6,0,0,0,0,0,0,0,0,0,0,0,0,0,,
iucnStatus,frog,1,30,6,6,0,0,0,0,0,0,0,0,0,0,0,0,0,0,,
,IUCN red list status,"0,1333333333",4,6,0,0,2,0,0,2,0,0,0,0,0,1,0,1,0,,
,IUCN red list,"0,0666666667",2,6,0,0,0,0,1,1,0,0,0,0,0,2,1,0,1,,
landManagement,historic land-management,1,30,6,0,0,0,0,0,0,0,0,0,0,0,0,6,0,0,,
,historic,"0,2",6,6,0,0,1,0,0,0,0,0,0,3,1,0,1,0,0,,
,current vegetation structural signatures,"0,2",6,6,0,0,3,0,0,1,0,0,0,0,0,0,0,1,1,,
,current,"0,6666666667",20,6,0,0,1,0,0,0,0,0,0,5,0,0,0,0,0,,
,vegetation,"0,4",12,6,3,3,0,0,0,0,0,0,0,0,0,0,0,0,0,,
,structural signatures,"0,4",12,6,0,0,4,1,0,0,0,0,0,0,0,0,0,1,0,,
bee,bees,1,30,6,6,0,0,0,0,0,0,0,0,0,0,0,0,0,0,,
heracleumMant,Heracleum mantegazzianum,1,30,6,6,0,0,0,0,0,0,0,0,0,0,0,0,0,0,,
,Berlin,1,30,6,0,0,0,0,0,0,0,0,6,0,0,0,0,0,0,,
,Berlin,1,30,6,0,0,0,0,0,0,0,0,6,0,0,0,0,0,0,,
,Brandenburg,1,30,6,0,0,0,0,0,0,0,0,6,0,0,0,0,0,0,,
,Germany,1,30,6,0,0,0,0,0,0,0,0,6,0,0,0,0,0,0,,
,Europe,1,30,6,0,0,0,0,0,0,0,0,6,0,0,0,0,0,0,,
forestFloor,role of throughfall,"0,1333333333",4,6,0,0,0,0,0,1,1,0,0,0,0,0,0,2,2,,
,throughfall,"0,6666666667",20,6,0,0,0,0,0,0,5,0,0,0,1,0,0,0,0,,
,water input,"0,4666666667",14,6,0,0,0,2,0,0,4,0,0,0,0,0,0,0,0,,
,forest floor,"0,6666666667",20,6,0,5,0,0,0,0,0,0,1,0,0,0,0,0,0,,
spatialRedistrib,spatial re-distribution of precipitation,"0,4",12,6,0,0,0,0,1,0,4,0,0,0,0,0,0,1,0,,
,precipitation,"0,2666666667",8,6,0,1,0,0,0,0,3,0,0,0,2,0,0,0,0,,
,tree coupies,0,0,6,1,1,0,0,0,0,0,1,1,0,0,0,0,1,1,,
,vertical transport of organic,1,30,6,0,0,0,0,0,0,6,0,0,0,0,0,0,0,0,,
,soil,"0,4666666667",14,6,0,4,0,2,0,0,0,0,0,0,0,0,0,0,0,,
stylopsMelittae,Germany,1,30,6,0,0,0,0,0,0,0,0,6,0,0,0,0,0,0,,
,specimen of Stylops melittae,"0,4",12,6,4,0,0,0,0,1,0,1,0,0,0,0,0,0,0,,
,Stylops melittae,1,30,6,6,0,0,0,0,0,0,0,0,0,0,0,0,0,0,,
gasAnalyticalTec,suitable methods,"0,6666666667",20,6,0,0,0,0,5,0,0,0,0,0,0,0,0,1,0,,
,microbial soil processes,1,30,6,0,0,0,0,0,0,6,0,0,0,0,0,0,0,0,,
,microbial,"0,2666666667",8,6,3,0,2,0,0,0,0,0,0,0,0,0,0,1,0,,
,soil,"0,4",12,6,0,3,0,3,0,0,0,0,0,0,0,0,0,0,0,,
,gas analytical techniques,1,30,6,0,0,0,0,6,0,0,0,0,0,0,0,0,0,0,,
,gas,1,30,6,0,0,0,6,0,0,0,0,0,0,0,0,0,0,0,,
plantTraits,plant traits,"0,6666666667",20,6,0,0,5,0,0,0,0,1,0,0,0,0,0,0,0,,
,plant,1,30,6,6,0,0,0,0,0,0,0,0,0,0,0,0,0,0,,
,precipitation,"0,2",6,6,0,0,0,0,0,0,3,0,0,0,1,0,0,1,1,,
,grazing,"0,4666666667",14,6,0,0,0,0,0,0,4,0,0,0,0,0,2,0,0,,
plantPathogens,diversity of hosts,"0,2666666667",8,6,0,0,2,0,0,0,0,0,0,0,0,0,0,3,1,,
,hosts,"0,6666666667",20,6,5,0,0,0,0,0,0,0,0,0,0,0,0,1,0,,
,diversity of plant pathogens,"0,2666666667",8,6,0,0,2,0,0,0,0,0,0,0,0,0,0,3,1,,
,plant pathogens,1,30,6,6,0,0,0,0,0,0,0,0,0,0,0,0,0,0,,
,plant,1,30,6,6,0,0,0,0,0,0,0,0,0,0,0,0,0,0,,
environmentalFac,environmental factors,"0,4",12,6,0,0,0,0,0,1,0,0,0,0,0,0,0,4,1,,
,soil moisture patterns,"0,2",6,6,0,0,1,1,0,1,0,0,0,0,0,0,0,3,0,,
,soil moisture,"0,4",12,6,0,0,0,3,0,0,0,0,0,0,0,0,0,3,0,,
,soil,"0,2666666667",8,6,0,2,0,3,0,0,0,0,1,0,0,0,0,0,0,,
heterotropicMicro,heterotropic microbial activity,"0,4",12,6,0,0,1,0,0,0,4,0,0,0,0,0,0,1,0,,
,heterotropic,"0,4666666667",14,6,0,0,4,0,0,0,2,0,0,0,0,0,0,0,0,,
,microbial,1,30,6,6,0,0,0,0,0,0,0,0,0,0,0,0,0,0,,
,aquifer,1,30,6,0,6,0,0,0,0,0,0,0,0,0,0,0,0,0,,
metaboliteProcess,organism,"0,6666666667",20,6,5,0,0,0,0,0,0,0,0,0,0,0,0,1,0,,
,metabolite,"0,6666666667",20,6,0,0,0,5,0,0,0,0,0,0,0,0,0,1,0,,
,origin of this structure,"0,1333333333",4,6,0,0,0,0,0,1,0,1,0,0,0,0,0,2,2,,
,structure,"0,1333333333",4,6,0,0,0,1,0,0,0,2,0,0,0,0,0,2,1,,
aricideaAntarctica,Aricidea antarctica (Paranonidae),1,30,6,6,0,0,0,0,0,0,0,0,0,0,0,0,0,0,,
speciesHungary,species,"0,4666666667",14,6,4,0,0,0,0,0,0,0,0,0,0,0,0,2,0,,
,B�umler; J.A.,1,30,6,0,0,0,0,0,0,0,0,0,0,0,6,0,0,0,,
,Hungary,1,30,6,0,0,0,0,0,0,0,0,6,0,0,0,0,0,0,,
dnaData,DNA,"0,4",12,6,0,0,0,1,0,1,0,4,0,0,0,0,0,0,0,,
,Amphimonhystrella sp. (Nematoda),1,30,6,6,0,0,0,0,0,0,0,0,0,0,0,0,0,0,,
landAband,land abandonment,"0,2",6,6,0,0,1,0,0,1,0,0,0,0,0,0,3,1,0,,
polychaete,specimen,"0,2",6,6,3,0,0,0,0,1,0,1,0,0,0,0,0,0,1,,
,deep-sea polychaete,1,30,6,6,0,0,0,0,0,0,0,0,0,0,0,0,0,0,,
,deep-sea,"0,6666666667",20,6,0,5,1,0,0,0,0,0,0,0,0,0,0,0,0,,
westAfrica,vegetation data,"0,6666666667",20,6,0,0,0,0,0,5,0,0,0,0,0,0,0,1,0,,
,West Africa,1,30,6,0,0,0,0,0,0,0,0,6,0,0,0,0,0,0,,
vegetationCan,patterns,"0,4666666667",14,6,0,0,0,0,0,2,0,0,0,0,0,0,0,4,0,,
,vegetation canopies,"0,2666666667",8,6,0,3,0,0,0,0,0,2,0,0,0,0,0,1,0,,
,vegetation,"0,6666666667",20,6,5,1,0,0,0,0,0,0,0,0,0,0,0,0,0,,
,soil depth,"0,2",6,6,0,1,0,0,0,0,0,0,3,0,0,0,0,1,1,,
,soil,"0,2666666667",8,6,0,3,0,2,0,0,0,0,1,0,0,0,0,0,0,,
omCycle,insect mass infestation,"0,4",12,6,0,0,0,0,0,0,3,0,0,0,3,0,0,0,0,,
,fire,"0,4",12,6,0,0,0,0,0,0,3,0,0,0,3,0,0,0,0,,
,OM cycle,1,30,6,0,0,0,0,0,0,6,0,0,0,0,0,0,0,0,,
,OM cycle distribution,"0,1333333333",4,6,0,1,1,0,0,2,2,0,0,0,0,0,0,0,0,,
,soil system,"0,6666666667",20,6,0,5,0,0,0,0,0,0,0,0,0,0,0,0,1,,
,land use types,"0,2",6,6,0,1,0,0,0,1,0,0,0,0,0,0,3,0,1,,
agriculture,agriculture,"0,4",12,6,0,1,0,0,0,0,0,0,0,0,0,1,4,0,0,,
,groundwater composition,"0,4",12,6,0,1,4,0,0,0,0,0,0,0,0,0,0,1,0,,
,groundwater,"0,4666666667",14,6,0,4,0,2,0,0,0,0,0,0,0,0,0,0,0,,
co2Fixation,pathway,"0,0666666667",2,6,0,0,0,0,0,0,1,0,1,0,1,0,0,2,1,,
,CO2 fixation,1,30,6,0,0,0,0,0,0,6,0,0,0,0,0,0,0,0,,
,CO2,1,30,6,0,0,0,6,0,0,0,0,0,0,0,0,0,0,0,,
,anoxic aquifers,1,30,6,0,6,0,0,0,0,0,0,0,0,0,0,0,0,0,,
climateChange,prevalence of diseases,"0,1333333333",4,6,0,0,1,0,0,0,2,0,0,0,0,0,0,2,1,,
,diseases,"0,1333333333",4,6,0,0,0,0,0,0,2,0,0,0,1,0,0,2,1,,
,climate change,"0,4",12,6,0,0,0,0,0,0,4,0,0,0,1,0,0,0,1,,
forestCover,forest cover change,1,30,6,0,0,0,0,0,0,6,0,0,0,0,0,0,0,0,,
,forest cover,"0,1333333333",4,6,0,2,0,0,0,1,0,0,0,0,0,0,0,2,1,,
,Africa,1,30,6,0,0,0,0,0,0,0,0,6,0,0,0,0,0,0,,
parameters,physico-chemical parameters,"0,0666666667",2,6,0,0,0,1,0,1,1,0,0,0,0,0,0,2,1,,
Goldenrod,Goldenrod,1,30,6,6,0,0,0,0,0,0,0,0,0,0,0,0,0,0,,
,Europe,1,30,6,0,0,0,0,0,0,0,0,6,0,0,0,0,0,0,,
phageTracers,marine phages,1,30,6,6,0,0,0,0,0,0,0,0,0,0,0,0,0,0,,
,tracer,"0,2",6,6,0,0,1,3,1,0,0,0,0,0,0,0,0,1,0,,
,colloid,"0,2",6,6,0,0,0,3,0,0,1,0,0,0,0,0,0,1,1,,
,water transport,1,30,6,0,0,0,0,0,0,6,0,0,0,0,0,0,0,0,,
,water,"0,4666666667",14,6,0,2,0,4,0,0,0,0,0,0,0,0,0,0,0,,
,subsurface ecosystems,"0,6666666667",20,6,0,5,0,0,0,0,0,0,0,0,0,0,0,0,1,,
,subsurface,"0,1333333333",4,6,0,2,1,0,0,0,0,0,2,0,0,0,0,1,0,,
dataDnaRna,molecules,"0,2666666667",8,6,1,0,0,3,0,0,0,2,0,0,0,0,0,0,0,,
,DNA,"0,2666666667",8,6,0,0,0,3,0,1,0,2,0,0,0,0,0,0,0,,
,RNA data,"0,6666666667",20,6,0,0,0,0,0,5,0,1,0,0,0,0,0,0,0,,
climaticPara,climatic parameters,"0,2",6,6,0,0,1,0,0,1,0,0,0,0,0,0,0,3,1,,
,climatic,"0,0666666667",2,6,0,1,1,0,0,1,0,0,0,0,0,0,0,2,1,,
,groundwater discharge,"0,4",12,6,0,0,0,0,0,0,4,0,0,0,0,0,1,1,0,,
,seepage water amount,"0,2",6,6,0,0,1,1,0,0,0,0,0,0,0,0,0,3,1,,
,seepage water,"0,4666666667",14,6,0,2,0,4,0,0,0,0,0,0,0,0,0,0,0,,
acquifersHydrogeo,aquifers,1,30,6,0,6,0,0,0,0,0,0,0,0,0,0,0,0,0,,
,hydrogeochemical properties,"0,2",6,6,0,1,3,0,0,1,0,0,0,0,0,0,0,1,0,,
,hydrogeochemical,"0,2",6,6,0,1,3,1,0,0,1,0,0,0,0,0,0,0,0,,
hainichGround,sulfate reducing bacteria,1,30,6,6,0,0,0,0,0,0,0,0,0,0,0,0,0,0,,
,sulfate reducing,"0,4",12,6,0,0,3,0,0,0,3,0,0,0,0,0,0,0,0,,
,sulfate,1,30,6,0,0,0,6,0,0,0,0,0,0,0,0,0,0,0,,
,Hainich groundwater,1,30,6,0,6,0,0,0,0,0,0,0,0,0,0,0,0,0,,
,Hainich,1,30,6,0,0,0,0,0,0,0,0,6,0,0,0,0,0,0,,
scientificResults,results,"0,2",6,6,0,0,0,0,1,3,0,0,0,0,0,0,0,1,1,,
,scientific research,"0,0666666667",2,6,0,0,0,0,2,0,1,0,0,0,0,0,1,1,1,,
,policy,"0,1333333333",4,6,0,0,0,0,1,0,0,0,0,0,0,0,2,1,2,,
,practice,"0,2",6,6,0,0,0,0,1,0,0,0,0,0,0,0,3,1,1,,
autotrophicOrg,autotrophic organisms,1,30,6,6,0,0,0,0,0,0,0,0,0,0,0,0,0,0,,
,autotrophic,"0,4",12,6,0,1,4,0,0,0,1,0,0,0,0,0,0,0,0,,
,isotopes of carbon,1,30,6,0,0,0,6,0,0,0,0,0,0,0,0,0,0,0,,
,carbon,1,30,6,0,0,0,6,0,0,0,0,0,0,0,0,0,0,0,,
,fractimation,"0,6666666667",20,6,0,0,0,0,0,0,5,0,0,0,0,0,0,1,0,,
habitatData,habitat data,"0,6666666667",20,6,0,1,0,0,0,5,0,0,0,0,0,0,0,0,0,,
,specific taxa,"0,6666666667",20,6,5,0,0,0,0,0,0,1,0,0,0,0,0,0,0,,
srbCommunity,parameters,"0,2",6,6,0,0,1,0,0,1,0,0,0,0,0,0,0,3,1,,
,SRB community,"0,2666666667",8,6,3,0,0,0,0,0,0,0,0,0,0,0,0,1,2,,
,sulfate reduction rate,"0,4",12,6,0,0,3,0,0,0,0,0,0,0,0,0,0,3,0,,
,sulfate reduction,1,30,6,0,0,0,0,0,0,6,0,0,0,0,0,0,0,0,,
,sulfate,1,30,6,0,0,0,6,0,0,0,0,0,0,0,0,0,0,0,,
biotopeRegion,taxa,"0,6666666667",20,6,5,0,0,0,0,0,0,1,0,0,0,0,0,0,0,,
,specific location,1,30,6,0,0,0,0,0,0,0,0,6,0,0,0,0,0,0,,
,biotope,"0,2666666667",8,6,0,3,0,0,0,0,0,0,2,0,0,0,0,1,0,,
,region,"0,6666666667",20,6,0,1,0,0,0,0,0,0,5,0,0,0,0,0,0,,
,country checklists,"0,2",6,6,0,0,0,0,2,2,0,0,0,0,0,0,0,0,2,,
insectTaxa,taxa,"0,2",6,6,3,0,0,0,0,1,0,0,0,0,0,0,0,1,1,,
,insect,1,30,6,6,0,0,0,0,0,0,0,0,0,0,0,0,0,0,,
,host plant,"0,6666666667",20,6,5,0,0,0,0,0,0,0,0,0,0,0,0,1,0,,
seepageWater,water chemistry of the seepage water,"0,0666666667",2,6,0,1,1,0,0,0,1,0,0,0,0,0,0,2,1,,
,water chemistry,"0,0666666667",2,6,0,1,1,2,0,0,1,0,0,0,0,0,0,1,0,,
,water,"0,4666666667",14,6,0,2,0,4,0,0,0,0,0,0,0,0,0,0,0,,
,seepage water,"0,2666666667",8,6,0,2,0,3,0,0,0,0,1,0,0,0,0,0,0,,
,chemistry of the groundwater,"0,1333333333",4,6,0,1,2,2,0,0,1,0,0,0,0,0,0,0,0,,
,chemistry,"0,0666666667",2,6,0,1,1,0,0,0,1,0,0,0,0,0,0,2,1,,
,groundwater,"0,4666666667",14,6,0,4,0,2,0,0,0,0,0,0,0,0,0,0,0,,
molecularMarkers,molecular markers,"0,4",12,6,0,0,0,4,1,0,0,0,0,0,0,0,0,1,0,,
,processes of nitrogen transformation,1,30,6,0,0,0,0,0,0,6,0,0,0,0,0,0,0,0,,
,nitrogen transformation,1,30,6,0,0,0,0,0,0,6,0,0,0,0,0,0,0,0,,
,pristine aquifer,1,30,6,0,6,0,0,0,0,0,0,0,0,0,0,0,0,0,,
depwaterHorizon,Deepwater Horizon oil spill,"0,2",6,6,0,0,0,0,0,0,1,0,0,0,3,0,1,0,1,,
,Deepwater Horizon,"0,2",6,6,0,2,0,0,0,0,0,0,2,0,0,2,0,0,0,,
,Gulf of Mexico fauna,"0,4666666667",14,6,4,2,0,0,0,0,0,0,0,0,0,0,0,0,0,,
,Gulf of Mexico,1,30,6,0,0,0,0,0,0,0,0,6,0,0,0,0,0,0,,
zeaMays,geographic elevation,"0,0666666667",2,6,0,1,0,0,0,1,0,0,2,0,0,0,0,1,1,,
,growth rate of Zea mays,"0,4",12,6,0,0,4,0,0,0,1,0,0,0,0,0,0,1,0,,
,plant development of Zea mays,"0,2666666667",8,6,0,0,3,0,0,0,2,0,0,0,0,0,0,1,0,,
,Zea mays,1,30,6,6,0,0,0,0,0,0,0,0,0,0,0,0,0,0,,
sphaerothecaAp,Sphaerotheca aphanis,1,30,6,6,0,0,0,0,0,0,0,0,0,0,0,0,0,0,,
,Macedonia,1,30,6,0,0,0,0,0,0,0,0,6,0,0,0,0,0,0,,
microActivity,microbial activities,"0,6666666667",20,6,0,0,0,0,0,0,5,0,0,0,0,0,0,1,0,,
,microbial,1,30,6,6,0,0,0,0,0,0,0,0,0,0,0,0,0,0,,
,groundwater,1,30,6,0,6,0,0,0,0,0,0,0,0,0,0,0,0,0,,
diversityCityAgri,diversity of species traits,"0,2",6,6,0,0,3,0,1,1,0,0,0,0,0,0,0,1,0,,
,species traits,"0,6666666667",20,6,0,0,5,0,0,1,0,0,0,0,0,0,0,0,0,,
,cities,"0,4",12,6,0,4,0,0,0,0,0,0,1,0,0,0,1,0,0,,
,agricultural areas,"0,6666666667",20,6,0,5,0,0,0,0,0,0,0,0,0,0,1,0,0,,
ecosystemServ,biodiversity,"0,0666666667",2,6,1,1,2,0,0,0,0,0,0,0,0,0,0,1,1,,
,ecosystem service delivery,"0,2666666667",8,6,0,1,2,0,0,0,3,0,0,0,0,0,0,0,0,,
,ecosystem service,"0,1333333333",4,6,0,1,2,1,0,0,2,0,0,0,0,0,0,0,0,,
substancesX,substances X,"0,6666666667",20,6,0,0,0,5,0,0,0,0,0,0,0,0,0,0,1,,
,mammals,"0,6666666667",20,6,5,0,0,0,0,0,0,0,0,0,0,0,0,0,1,,
treeSpeciesDiv,global map,"0,2",6,6,0,0,0,0,1,3,0,0,1,0,0,0,0,1,0,,
,tree species diversity,"0,2",6,6,0,0,1,0,0,1,0,0,0,0,0,0,0,3,1,,
,tree species,1,30,6,6,0,0,0,0,0,0,0,0,0,0,0,0,0,0,,
filtrationVolume,effect of filtration volume,"0,1333333333",4,6,0,0,1,0,0,0,2,0,0,0,1,0,0,2,0,,
,filtration volume,"0,1333333333",4,6,0,1,2,1,0,0,0,0,0,0,0,0,0,2,0,,
,filtration,"0,6666666667",20,6,0,0,0,0,1,0,5,0,0,0,0,0,0,0,0,,
,yield on DNA/RNA,"0,1333333333",4,6,0,0,2,0,0,1,0,0,0,0,0,0,0,2,1,,
,DNA,"0,2666666667",8,6,0,0,0,3,0,1,0,2,0,0,0,0,0,0,0,,
,RNA,"0,2666666667",8,6,0,0,0,3,0,1,0,2,0,0,0,0,0,0,0,,
,different types,"0,4",12,6,0,0,1,0,0,0,0,0,0,0,0,0,0,1,4,,
factor,crop yield increase,"0,2",6,6,0,0,1,0,0,0,1,0,0,0,0,0,3,1,0,,
,crop yield,"0,4",12,6,0,0,4,1,0,0,0,0,0,0,0,0,1,0,0,,
,cacoa,"0,6666666667",20,6,5,0,0,1,0,0,0,0,0,0,0,0,0,0,0,,
holothuriansM,holothurians,"0,6666666667",20,6,5,0,0,0,0,0,0,0,0,0,0,0,0,1,0,,
,4000m (depth),"0,4",12,6,0,3,0,0,0,0,0,0,3,0,0,0,0,0,0,,
sedimentSamples,species,1,30,6,6,0,0,0,0,0,0,0,0,0,0,0,0,0,0,,
,water,"0,2666666667",8,6,0,3,1,2,0,0,0,0,0,0,0,0,0,0,0,,
,sediment samples,"0,1333333333",4,6,0,1,0,2,1,2,0,0,0,0,0,0,0,0,0,,
,sediment,"0,4666666667",14,6,0,2,0,4,0,0,0,0,0,0,0,0,0,0,0,,
paridaeLandUse,species richness of Paridae,"0,4",12,6,0,0,3,0,0,0,0,0,0,0,0,0,0,3,0,,
,Paridae,1,30,6,6,0,0,0,0,0,0,0,0,0,0,0,0,0,0,,
,land-use type,"0,6666666667",20,6,0,1,0,0,0,0,0,0,0,0,0,0,5,0,0,,
molecularComp,organic matter context,"0,1333333333",4,6,0,1,2,2,0,0,0,0,0,0,0,0,0,1,0,,
,organic matter,1,30,6,0,0,0,6,0,0,0,0,0,0,0,0,0,0,0,,
,molecular composition of the groundwater,"0,0666666667",2,6,0,1,1,2,0,0,0,0,0,0,0,0,0,1,1,,
,groundwater,"0,6666666667",20,6,0,5,0,1,0,0,0,0,0,0,0,0,0,0,0,,
foodWebs,food webs,"0,1333333333",4,6,0,0,0,0,0,2,1,0,0,0,0,0,0,2,1,,
,north sea,"0,4666666667",14,6,0,2,0,0,0,0,0,0,4,0,0,0,0,0,0,,
archaeaSpecies,archaea species,1,30,6,6,0,0,0,0,0,0,0,0,0,0,0,0,0,0,,
,upper soil,"0,4666666667",14,6,0,4,0,0,0,0,0,0,2,0,0,0,0,0,0,,
,groundwater,1,30,6,0,6,0,0,0,0,0,0,0,0,0,0,0,0,0,,
monoCulture,feed of grasshopper,"0,0666666667",2,6,0,1,0,1,0,0,1,0,0,0,0,0,0,2,1,,
,grasshopper,1,30,6,6,0,0,0,0,0,0,0,0,0,0,0,0,0,0,,
,natural habitat,"0,6666666667",20,6,0,5,0,0,0,0,0,1,0,0,0,0,0,0,0,,
,mono-culture,"0,4",12,6,0,4,1,0,0,0,0,0,0,0,0,0,1,0,0,,
,gut microbiome,"0,0666666667",2,6,1,0,0,1,0,0,0,0,0,0,0,0,1,2,1,,
higherBiodiversity,cities,"0,4",12,6,0,4,0,0,0,0,0,0,1,0,0,0,1,0,0,,
,biodiversity,"0,2666666667",8,6,0,0,2,0,1,0,0,0,0,0,0,0,0,3,0,,
,agricultural areas,"0,4",12,6,0,4,0,0,0,0,0,0,1,0,0,0,1,0,0,,
varietiesLatvia,varieties of Erysiphe aquilegiae,"0,2666666667",8,6,3,0,2,0,0,0,0,0,0,0,0,0,0,1,0,,
,Erysiphe aquilegiae,1,30,6,6,0,0,0,0,0,0,0,0,0,0,0,0,0,0,,
,Latvia,1,30,6,0,0,0,0,0,0,0,0,6,0,0,0,0,0,0,,
treeInsect,trees,1,30,6,6,0,0,0,0,0,0,0,0,0,0,0,0,0,0,,
,insects,1,30,6,6,0,0,0,0,0,0,0,0,0,0,0,0,0,0,,
,location,"0,6666666667",20,6,0,0,0,0,0,0,0,0,5,0,0,0,0,1,0,,
leafAreaIndex,leaf area index,"0,0666666667",2,6,0,1,1,0,1,1,0,0,0,0,0,0,0,2,0,,
,diversity,"0,1333333333",4,6,1,0,2,0,0,0,0,0,0,0,0,0,0,2,1,,
microbialCom,vertical transport of microbial communities,1,30,6,0,0,0,0,0,0,6,0,0,0,0,0,0,0,0,,
,microbial communities,"0,4",12,6,4,1,0,0,0,0,0,0,0,0,0,0,0,1,0,,
,microbial,"0,2666666667",8,6,2,0,3,0,0,0,0,1,0,0,0,0,0,0,0,,
microbs,microbes,1,30,6,6,0,0,0,0,0,0,0,0,0,0,0,0,0,0,,
,aquifer surfaces,"0,6666666667",20,6,0,5,0,0,0,0,0,0,1,0,0,0,0,0,0,,
,aquifer,"0,6666666667",20,6,0,5,0,0,0,0,0,0,1,0,0,0,0,0,0,,
wellHYZ,types of bacteria,1,30,6,6,0,0,0,0,0,0,0,0,0,0,0,0,0,0,,
,H.Y.Z.,"0,4",12,6,0,0,0,0,0,0,0,0,4,0,0,0,0,1,1,,
copepodEggs,eggs per day,"0,2666666667",8,6,0,0,3,0,0,1,0,0,0,0,0,0,0,2,0,,
,eggs,"0,2666666667",8,6,1,0,0,3,0,0,0,2,0,0,0,0,0,0,0,,
,copepods,1,30,6,6,0,0,0,0,0,0,0,0,0,0,0,0,0,0,,
megafauna,megafauna,1,30,6,6,0,0,0,0,0,0,0,0,0,0,0,0,0,0,,
,echinoderms,1,30,6,6,0,0,0,0,0,0,0,0,0,0,0,0,0,0,,
,abundance,"0,1333333333",4,6,0,0,2,0,0,1,1,0,0,0,0,0,0,2,0,,
,trawls,"0,2",6,6,0,0,0,0,0,2,0,0,0,0,0,0,2,2,0,,
,images,"0,6666666667",20,6,0,0,0,0,0,5,0,0,0,0,0,0,0,1,0,,
insectAbundances,abundances of insects,"0,2",6,6,0,0,1,0,0,1,1,0,0,0,0,0,0,3,0,,
,insects,1,30,6,6,0,0,0,0,0,0,0,0,0,0,0,0,0,0,,
,canopies,"0,4",12,6,0,4,1,0,0,0,0,1,0,0,0,0,0,0,0,,
,beeches,"0,6666666667",20,6,5,1,0,0,0,0,0,0,0,0,0,0,0,0,0,,
,spruces,"0,6666666667",20,6,5,1,0,0,0,0,0,0,0,0,0,0,0,0,0,,
waterParameters,water patterns,"0,1333333333",4,6,0,0,1,0,0,1,0,0,0,0,0,0,0,2,2,,
,VLP counts,"0,2666666667",8,6,0,0,0,0,1,0,0,0,0,0,0,0,0,2,3,,
zone,critical zone,"0,4666666667",14,6,0,4,0,0,0,0,0,0,2,0,0,0,0,0,0,,
protectionZones,groundwater protection zones,"0,4666666667",14,6,0,4,0,0,0,0,0,0,2,0,0,0,0,0,0,,
,groundwater,"0,6666666667",20,6,0,5,0,1,0,0,0,0,0,0,0,0,0,0,0,,
tracerFactor,tracer,"0,1333333333",4,6,0,0,0,2,2,0,0,0,0,0,0,0,0,1,1,,
aquiferRocks,aquifer rocks,"0,4",12,6,0,3,0,3,0,0,0,0,0,0,0,0,0,0,0,,
,aquifer,"0,6666666667",20,6,0,5,0,0,0,0,0,0,1,0,0,0,0,0,0,,
bioPores,earthworm burrows(biopores),0,0,6,1,1,0,0,0,1,0,1,0,0,0,0,0,1,1,,
,earthworm,1,30,6,6,0,0,0,0,0,0,0,0,0,0,0,0,0,0,,
,infiltration processes,1,30,6,0,0,0,0,0,0,6,0,0,0,0,0,0,0,0,,
,transport processes,1,30,6,0,0,0,0,0,0,6,0,0,0,0,0,0,0,0,,
,rainfall events,"0,6666666667",20,6,0,0,0,0,0,0,1,0,0,0,5,0,0,0,0,,
oxicAquifer,microbial key-players,1,30,6,6,0,0,0,0,0,0,0,0,0,0,0,0,0,0,,
,microbial,"0,0666666667",2,6,2,1,1,0,0,0,0,0,0,0,0,0,0,1,1,,
,oxic acquifer,1,30,6,0,6,0,0,0,0,0,0,0,0,0,0,0,0,0,,
,oxic,"0,2",6,6,0,1,3,1,0,0,0,0,0,0,0,0,0,1,0,,
driverTransport,driver,"0,1333333333",4,6,0,0,0,0,0,1,1,0,0,0,0,0,0,2,2,,
,deposition,1,30,6,0,0,0,0,0,0,6,0,0,0,0,0,0,0,0,,
,transport of marine phages,1,30,6,0,0,0,0,0,0,6,0,0,0,0,0,0,0,0,,
,marine phage,"0,6666666667",20,6,5,0,0,1,0,0,0,0,0,0,0,0,0,0,0,,
,transport of terrestrial phages,1,30,6,0,0,0,0,0,0,6,0,0,0,0,0,0,0,0,,
,terrestrial phages,"0,6666666667",20,6,5,0,0,1,0,0,0,0,0,0,0,0,0,0,0,,
,subsurface,"0,4666666667",14,6,0,4,0,0,0,0,0,0,2,0,0,0,0,0,0,,
globalFrog,global frog distribution,"0,1333333333",4,6,0,0,1,0,0,2,0,0,1,0,0,0,0,2,0,,
,global,1,30,6,0,0,0,0,0,0,0,0,6,0,0,0,0,0,0,,
,frog,1,30,6,6,0,0,0,0,0,0,0,0,0,0,0,0,0,0,,
plantDiversity,plant diversity,"0,2666666667",8,6,0,0,3,0,0,1,0,0,0,0,0,0,0,2,0,,
,plant,"0,6666666667",20,6,5,0,0,0,0,0,0,1,0,0,0,0,0,0,0,,
,species richness,"0,2666666667",8,6,0,0,3,0,1,0,0,0,0,0,0,0,0,2,0,,
,functional group composition,"0,2666666667",8,6,0,0,3,0,1,0,0,0,0,0,0,0,0,2,0,,
,functional group,"0,2",6,6,3,1,0,0,1,0,0,0,0,0,0,0,0,1,0,,
,root decomposition,"0,6666666667",20,6,0,0,0,0,1,0,5,0,0,0,0,0,0,0,0,,
,root,"0,4",12,6,0,1,0,0,0,0,0,4,0,0,0,0,0,0,1,,
,grassland,1,30,6,0,6,0,0,0,0,0,0,0,0,0,0,0,0,0,,
groundwaterSig,surface signals,"0,0666666667",2,6,0,1,0,0,0,1,1,0,0,0,0,0,0,2,1,,
,surface,"0,4",12,6,0,3,0,0,0,0,0,0,3,0,0,0,0,0,0,,
,groundwater,"0,6666666667",20,6,0,5,0,1,0,0,0,0,0,0,0,0,0,0,0,,
thalassemaThala,populations of Thalassema thalassemum,"0,4",12,6,4,0,0,0,0,1,0,0,0,0,0,0,0,1,0,,
,Thalassema thalassemum,1,30,6,6,0,0,0,0,0,0,0,0,0,0,0,0,0,0,,
,reproductive period,"0,2666666667",8,6,0,0,2,0,0,0,0,0,0,3,1,0,0,0,0,,
,year,1,30,6,0,0,0,0,0,0,0,0,0,6,0,0,0,0,0,,
treePopulation,lidar data,"0,6666666667",20,6,0,0,0,0,1,5,0,0,0,0,0,0,0,0,0,,
,air,"0,2666666667",8,6,0,3,0,2,0,0,0,0,1,0,0,0,0,0,0,,
,soils,"0,4",12,6,0,4,0,1,0,0,0,0,1,0,0,0,0,0,0,,
,tree population,1,30,6,6,0,0,0,0,0,0,0,0,0,0,0,0,0,0,,
climateChangeE,climate change,"0,4666666667",14,6,0,0,0,0,0,0,4,0,0,0,2,0,0,0,0,,
,,,,,,,,,,,,,,,,,,,,,
,,,,,,,,,,,,,,,,,,,,,
,Summary,,,,719,583,271,414,54,153,388,57,308,40,42,14,54,305,150,,
,P,"0,5646396396",,p(j),"0,2024211712","0,1641328829","0,076295045","0,1165540541","0,0152027027","0,0430743243","0,1092342342","0,0160472973","0,0867117117","0,0112612613","0,0118243243","0,0039414414","0,0152027027","0,0858671171","0,0422297297",,
,,,,Pe,"0,1187845891",,,,,,,,,,,,,,,,
,,,,p(j)(I),"0,1614468406","0,1371932796","0,0704741111","0,1029692065","0,0149715805","0,0412189269","0,0973021163","0,0157897815","0,0791927908","0,0111344453","0,0116845097","0,0039259065","0,0149715805","0,0784939553","0,0404463797",,
,,,,Pe(I),"0,0629439579",,,,,,,,,,,,,,,,
,Fleiss Kappa,"0,5059546679",,,,,,,,,,,,,,,,,,,
,GWET,"0,5353955998",,,,,,,,,,,,,,,,,,,
